time,sim2real,rid,cid,gid,mode,battery,critical
3.0,0.5,0,-1,-1,1,65.5,False
3.0,0.5,1,-1,-1,1,64.5,False
3.0,0.5,2,-1,-1,1,59.5,False
3.0,0.5,3,-1,-1,1,57.5,False
3.0,0.5,4,-1,-1,1,62.5,False
3.0,0.5,5,-1,-1,1,61.5,False
3.0,0.5,6,-1,-1,1,66.5,False
3.0,0.5,7,-1,-1,1,61.5,False
3.0,0.5,8,-1,-1,1,59.5,False
3.0,0.5,9,-1,-1,1,60.5,False
3.0,0.5,10,-1,-1,1,55.5,False
3.0,0.5,11,-1,-1,1,54.5,False
3.0,0.5,12,-1,-1,1,49.5,False
3.0,0.5,13,-1,-1,1,47.5,False
3.0,0.5,14,-1,-1,1,52.5,False
3.0,0.5,15,-1,-1,1,51.5,False
3.0,0.5,16,-1,-1,1,56.5,False
3.0,0.5,17,-1,-1,1,51.5,False
3.0,0.5,18,-1,-1,1,49.5,False
3.0,0.5,19,-1,-1,1,50.5,False
3.0,0.5,20,-1,-1,1,75.5,False
3.0,0.5,21,-1,-1,1,74.5,False
3.0,0.5,22,-1,-1,1,69.5,False
3.0,0.5,23,-1,-1,1,67.5,False
3.0,0.5,24,-1,-1,1,72.5,False
3.0,0.5,25,-1,-1,1,71.5,False
3.0,0.5,26,-1,-1,1,76.5,False
3.0,0.5,27,-1,-1,1,71.5,False
3.0,0.5,28,-1,-1,1,69.5,False
3.0,0.5,29,-1,-1,1,70.5,False
3.0,0.5,30,-1,-1,1,45.5,False
3.0,0.5,31,-1,-1,1,44.5,False
3.0,0.5,32,-1,-1,1,39.5,False
3.0,0.5,33,-1,-1,1,37.5,False
3.0,0.5,34,-1,-1,1,42.5,False
3.0,0.5,35,-1,-1,1,41.5,False
3.0,0.5,36,-1,-1,1,46.5,False
3.0,0.5,37,-1,-1,1,41.5,False
3.0,0.5,38,-1,-1,1,39.5,False
3.0,0.5,39,-1,-1,1,40.5,False
6.0,0.5,0,-1,-1,1,63.0,False
6.0,0.5,1,-1,-1,1,62.0,False
6.0,0.5,2,-1,-1,1,57.0,False
6.0,0.5,3,-1,-1,1,55.0,False
6.0,0.5,4,-1,-1,1,60.0,False
6.0,0.5,5,-1,-1,1,59.0,False
6.0,0.5,6,-1,-1,1,64.0,False
6.0,0.5,7,-1,-1,1,59.0,False
6.0,0.5,8,-1,-1,1,57.0,False
6.0,0.5,9,-1,-1,1,58.0,False
6.0,0.5,10,-1,-1,1,53.0,False
6.0,0.5,11,-1,-1,1,52.0,False
6.0,0.5,12,-1,-1,1,47.0,False
6.0,0.5,13,-1,-1,1,45.0,False
6.0,0.5,14,-1,-1,1,50.0,False
6.0,0.5,15,-1,-1,1,49.0,False
6.0,0.5,16,-1,-1,1,54.0,False
6.0,0.5,17,-1,-1,1,49.0,False
6.0,0.5,18,-1,-1,1,47.0,False
6.0,0.5,19,-1,-1,1,48.0,False
6.0,0.5,20,-1,-1,1,73.0,False
6.0,0.5,21,-1,-1,1,72.0,False
6.0,0.5,22,-1,-1,1,67.0,False
6.0,0.5,23,-1,-1,1,65.0,False
6.0,0.5,24,-1,-1,1,70.0,False
6.0,0.5,25,-1,-1,1,69.0,False
6.0,0.5,26,-1,-1,1,74.0,False
6.0,0.5,27,-1,-1,1,69.0,False
6.0,0.5,28,-1,-1,1,67.0,False
6.0,0.5,29,-1,-1,1,68.0,False
6.0,0.5,30,-1,-1,1,43.0,False
6.0,0.5,31,-1,-1,1,42.0,False
6.0,0.5,32,-1,-1,1,37.0,False
6.0,0.5,33,-1,-1,1,35.0,False
6.0,0.5,34,-1,-1,1,40.0,False
6.0,0.5,35,-1,-1,1,39.0,False
6.0,0.5,36,-1,-1,1,44.0,False
6.0,0.5,37,-1,-1,1,39.0,False
6.0,0.5,38,-1,-1,1,37.0,False
6.0,0.5,39,-1,-1,1,38.0,False
9.0,0.5,0,-1,-1,1,60.5,False
9.0,0.5,1,-1,-1,1,59.5,False
9.0,0.5,2,-1,-1,1,54.5,False
9.0,0.5,3,-1,-1,1,52.5,False
9.0,0.5,4,-1,-1,1,57.5,False
9.0,0.5,5,-1,-1,1,56.5,False
9.0,0.5,6,-1,-1,1,61.5,False
9.0,0.5,7,-1,-1,1,56.5,False
9.0,0.5,8,-1,-1,1,54.5,False
9.0,0.5,9,-1,-1,1,55.5,False
9.0,0.5,10,-1,-1,1,50.5,False
9.0,0.5,11,-1,-1,1,49.5,False
9.0,0.5,12,-1,-1,1,44.5,False
9.0,0.5,13,-1,-1,1,42.5,False
9.0,0.5,14,-1,-1,1,47.5,False
9.0,0.5,15,-1,-1,1,46.5,False
9.0,0.5,16,-1,-1,1,51.5,False
9.0,0.5,17,-1,-1,1,46.5,False
9.0,0.5,18,-1,-1,1,44.5,False
9.0,0.5,19,-1,-1,1,45.5,False
9.0,0.5,20,-1,-1,1,70.5,False
9.0,0.5,21,-1,-1,1,69.5,False
9.0,0.5,22,-1,-1,1,64.5,False
9.0,0.5,23,-1,-1,1,62.5,False
9.0,0.5,24,-1,-1,1,67.5,False
9.0,0.5,25,-1,-1,1,66.5,False
9.0,0.5,26,-1,-1,1,71.5,False
9.0,0.5,27,-1,-1,1,66.5,False
9.0,0.5,28,-1,-1,1,64.5,False
9.0,0.5,29,-1,-1,1,65.5,False
9.0,0.5,30,-1,-1,1,40.5,False
9.0,0.5,31,-1,-1,1,39.5,False
9.0,0.5,32,-1,-1,1,34.5,False
9.0,0.5,33,-1,-1,1,32.5,False
9.0,0.5,34,-1,-1,1,37.5,False
9.0,0.5,35,300,0,0,54.0,False
9.0,0.5,36,-1,-1,1,41.5,False
9.0,0.5,37,-1,-1,1,36.5,False
9.0,0.5,38,-1,-1,1,34.5,False
9.0,0.5,39,-1,-1,1,35.5,False
12.0,0.5,0,-1,-1,1,58.0,False
12.0,0.5,1,-1,-1,1,57.0,False
12.0,0.5,2,-1,-1,1,52.0,False
12.0,0.5,3,-1,-1,1,50.0,False
12.0,0.5,4,-1,-1,1,55.0,False
12.0,0.5,5,-1,-1,1,54.0,False
12.0,0.5,6,-1,-1,1,59.0,False
12.0,0.5,7,-1,-1,1,54.0,False
12.0,0.5,8,-1,-1,1,52.0,False
12.0,0.5,9,-1,-1,1,53.0,False
12.0,0.5,10,-1,-1,1,48.0,False
12.0,0.5,11,-1,-1,1,47.0,False
12.0,0.5,12,-1,-1,1,42.0,False
12.0,0.5,13,-1,-1,1,40.0,False
12.0,0.5,14,-1,-1,1,45.0,False
12.0,0.5,15,-1,-1,1,44.0,False
12.0,0.5,16,-1,-1,1,49.0,False
12.0,0.5,17,-1,-1,1,44.0,False
12.0,0.5,18,-1,-1,1,42.0,False
12.0,0.5,19,-1,-1,1,43.0,False
12.0,0.5,20,-1,-1,1,68.0,False
12.0,0.5,21,-1,-1,1,67.0,False
12.0,0.5,22,-1,-1,1,62.0,False
12.0,0.5,23,-1,-1,1,60.0,False
12.0,0.5,24,302,0,0,82.5,False
12.0,0.5,25,-1,-1,1,64.0,False
12.0,0.5,26,-1,-1,1,69.0,False
12.0,0.5,27,-1,-1,1,64.0,False
12.0,0.5,28,-1,-1,1,62.0,False
12.0,0.5,29,-1,-1,1,63.0,False
12.0,0.5,30,301,0,0,55.5,False
12.0,0.5,31,-1,-1,1,37.0,False
12.0,0.5,32,-1,-1,1,32.0,False
12.0,0.5,33,-1,-1,1,30.0,False
12.0,0.5,34,300,0,0,52.5,False
12.0,0.5,35,-1,-1,1,51.5,False
12.0,0.5,36,-1,-1,1,39.0,False
12.0,0.5,37,-1,-1,1,34.0,False
12.0,0.5,38,-1,-1,1,32.0,False
12.0,0.5,39,-1,-1,1,33.0,False
15.0,0.5,0,-1,-1,1,55.5,False
15.0,0.5,1,-1,-1,1,54.5,False
15.0,0.5,2,-1,-1,1,49.5,False
15.0,0.5,3,-1,-1,1,47.5,False
15.0,0.5,4,-1,-1,1,52.5,False
15.0,0.5,5,-1,-1,1,51.5,False
15.0,0.5,6,-1,-1,1,56.5,False
15.0,0.5,7,-1,-1,1,51.5,False
15.0,0.5,8,-1,-1,1,49.5,False
15.0,0.5,9,-1,-1,1,50.5,False
15.0,0.5,10,-1,-1,1,45.5,False
15.0,0.5,11,-1,-1,1,44.5,False
15.0,0.5,12,-1,-1,1,39.5,False
15.0,0.5,13,-1,-1,1,37.5,False
15.0,0.5,14,-1,-1,1,42.5,False
15.0,0.5,15,-1,-1,1,41.5,False
15.0,0.5,16,-1,-1,1,46.5,False
15.0,0.5,17,-1,-1,1,41.5,False
15.0,0.5,18,-1,-1,1,39.5,False
15.0,0.5,19,-1,-1,1,40.5,False
15.0,0.5,20,-1,-1,1,65.5,False
15.0,0.5,21,-1,-1,1,64.5,False
15.0,0.5,22,-1,-1,1,59.5,False
15.0,0.5,23,-1,-1,1,57.5,False
15.0,0.5,24,-1,-1,1,80.0,False
15.0,0.5,25,-1,-1,1,61.5,False
15.0,0.5,26,-1,-1,1,66.5,False
15.0,0.5,27,-1,-1,1,61.5,False
15.0,0.5,28,-1,-1,1,59.5,False
15.0,0.5,29,-1,-1,1,60.5,False
15.0,0.5,30,-1,-1,1,53.0,False
15.0,0.5,31,-1,-1,1,34.5,False
15.0,0.5,32,-1,-1,1,29.5,False
15.0,0.5,33,-1,-1,1,27.5,False
15.0,0.5,34,-1,-1,1,50.0,False
15.0,0.5,35,-1,-1,1,49.0,False
15.0,0.5,36,-1,-1,1,36.5,False
15.0,0.5,37,-1,-1,1,31.5,False
15.0,0.5,38,-1,-1,1,29.5,False
15.0,0.5,39,-1,-1,1,30.5,False
18.0,0.5,0,-1,-1,1,53.0,False
18.0,0.5,1,-1,-1,1,52.0,False
18.0,0.5,2,-1,-1,1,47.0,False
18.0,0.5,3,-1,-1,1,45.0,False
18.0,0.5,4,-1,-1,1,50.0,False
18.0,0.5,5,-1,-1,1,49.0,False
18.0,0.5,6,-1,-1,1,54.0,False
18.0,0.5,7,-1,-1,1,49.0,False
18.0,0.5,8,-1,-1,1,47.0,False
18.0,0.5,9,-1,-1,1,48.0,False
18.0,0.5,10,-1,-1,1,43.0,False
18.0,0.5,11,-1,-1,1,42.0,False
18.0,0.5,12,-1,-1,1,37.0,False
18.0,0.5,13,301,0,0,52.5,False
18.0,0.5,14,-1,-1,1,40.0,False
18.0,0.5,15,302,0,0,56.5,False
18.0,0.5,16,-1,-1,1,44.0,False
18.0,0.5,17,-1,-1,1,39.0,False
18.0,0.5,18,-1,-1,1,37.0,False
18.0,0.5,19,-1,-1,1,38.0,False
18.0,0.5,20,-1,-1,1,63.0,False
18.0,0.5,21,-1,-1,1,62.0,False
18.0,0.5,22,-1,-1,1,57.0,False
18.0,0.5,23,-1,-1,1,55.0,False
18.0,0.5,24,-1,-1,1,77.5,False
18.0,0.5,25,-1,-1,1,59.0,False
18.0,0.5,26,-1,-1,1,64.0,False
18.0,0.5,27,-1,-1,1,59.0,False
18.0,0.5,28,-1,-1,1,57.0,False
18.0,0.5,29,-1,-1,1,58.0,False
18.0,0.5,30,-1,-1,1,50.5,False
18.0,0.5,31,-1,-1,1,32.0,False
18.0,0.5,32,-1,-1,1,27.0,False
18.0,0.5,33,-1,-1,1,25.0,False
18.0,0.5,34,-1,-1,1,47.5,False
18.0,0.5,35,-1,-1,1,46.5,False
18.0,0.5,36,-1,-1,1,34.0,False
18.0,0.5,37,300,0,0,46.5,False
18.0,0.5,38,-1,-1,1,27.0,False
18.0,0.5,39,-1,-1,1,28.0,False
21.0,0.5,0,-1,-1,1,50.5,False
21.0,0.5,1,-1,-1,1,49.5,False
21.0,0.5,2,-1,-1,1,44.5,False
21.0,0.5,3,-1,-1,1,42.5,False
21.0,0.5,4,-1,-1,1,47.5,False
21.0,0.5,5,-1,-1,1,46.5,False
21.0,0.5,6,-1,-1,1,51.5,False
21.0,0.5,7,-1,-1,1,46.5,False
21.0,0.5,8,-1,-1,1,44.5,False
21.0,0.5,9,-1,-1,1,45.5,False
21.0,0.5,10,-1,-1,1,40.5,False
21.0,0.5,11,-1,-1,1,39.5,False
21.0,0.5,12,302,0,0,52.0,False
21.0,0.5,13,-1,-1,1,50.0,False
21.0,0.5,14,-1,-1,1,37.5,False
21.0,0.5,15,-1,-1,1,54.0,False
21.0,0.5,16,-1,-1,1,41.5,False
21.0,0.5,17,303,0,0,54.0,False
21.0,0.5,18,-1,-1,1,34.5,False
21.0,0.5,19,-1,-1,1,35.5,False
21.0,0.5,20,-1,-1,1,60.5,False
21.0,0.5,21,-1,-1,1,59.5,False
21.0,0.5,22,-1,-1,1,54.5,False
21.0,0.5,23,-1,-1,1,52.5,False
21.0,0.5,24,-1,-1,1,75.0,False
21.0,0.5,25,-1,-1,1,56.5,False
21.0,0.5,26,-1,-1,1,61.5,False
21.0,0.5,27,-1,-1,1,56.5,False
21.0,0.5,28,-1,-1,1,54.5,False
21.0,0.5,29,-1,-1,1,55.5,False
21.0,0.5,30,-1,-1,1,48.0,False
21.0,0.5,31,-1,-1,1,29.5,False
21.0,0.5,32,-1,-1,1,24.5,False
21.0,0.5,33,300,0,0,40.0,False
21.0,0.5,34,-1,-1,1,45.0,False
21.0,0.5,35,-1,-1,1,44.0,False
21.0,0.5,36,-1,-1,1,31.5,False
21.0,0.5,37,-1,-1,1,44.0,False
21.0,0.5,38,-1,-1,1,24.5,False
21.0,0.5,39,301,0,0,43.0,False
24.0,0.5,0,-1,-1,1,48.0,False
24.0,0.5,1,-1,-1,1,47.0,False
24.0,0.5,2,-1,-1,1,42.0,False
24.0,0.5,3,-1,-1,1,40.0,False
24.0,0.5,4,-1,-1,1,45.0,False
24.0,0.5,5,-1,-1,1,44.0,False
24.0,0.5,6,-1,-1,1,49.0,False
24.0,0.5,7,-1,-1,1,44.0,False
24.0,0.5,8,-1,-1,1,42.0,False
24.0,0.5,9,-1,-1,1,43.0,False
24.0,0.5,10,-1,-1,1,38.0,False
24.0,0.5,11,304,0,0,54.5,False
24.0,0.5,12,-1,-1,1,49.5,False
24.0,0.5,13,-1,-1,1,47.5,False
24.0,0.5,14,-1,-1,1,35.0,False
24.0,0.5,15,-1,-1,1,51.5,False
24.0,0.5,16,-1,-1,1,39.0,False
24.0,0.5,17,-1,-1,1,51.5,False
24.0,0.5,18,302,0,0,49.5,False
24.0,0.5,19,303,0,0,50.5,False
24.0,0.5,20,-1,-1,1,58.0,False
24.0,0.5,21,-1,-1,1,57.0,False
24.0,0.5,22,-1,-1,1,52.0,False
24.0,0.5,23,-1,-1,1,50.0,False
24.0,0.5,24,-1,-1,1,72.5,False
24.0,0.5,25,-1,-1,1,54.0,False
24.0,0.5,26,-1,-1,1,59.0,False
24.0,0.5,27,-1,-1,1,54.0,False
24.0,0.5,28,-1,-1,1,52.0,False
24.0,0.5,29,-1,-1,1,53.0,False
24.0,0.5,30,-1,-1,1,45.5,False
24.0,0.5,31,300,0,0,44.5,False
24.0,0.5,32,-1,-1,1,22.0,False
24.0,0.5,33,-1,-1,1,37.5,False
24.0,0.5,34,-1,-1,1,42.5,False
24.0,0.5,35,-1,-1,1,41.5,False
24.0,0.5,36,301,0,0,46.5,False
24.0,0.5,37,-1,-1,1,41.5,False
24.0,0.5,38,-1,-1,1,22.0,False
24.0,0.5,39,-1,-1,1,40.5,False
27.0,0.5,0,-1,-1,1,45.5,False
27.0,0.5,1,-1,-1,1,44.5,False
27.0,0.5,2,-1,-1,1,39.5,False
27.0,0.5,3,-1,-1,1,37.5,False
27.0,0.5,4,-1,-1,1,42.5,False
27.0,0.5,5,-1,-1,1,41.5,False
27.0,0.5,6,-1,-1,1,46.5,False
27.0,0.5,7,-1,-1,1,41.5,False
27.0,0.5,8,-1,-1,1,39.5,False
27.0,0.5,9,-1,-1,1,40.5,False
27.0,0.5,10,301,0,0,53.0,False
27.0,0.5,11,-1,-1,1,52.0,False
27.0,0.5,12,-1,-1,1,47.0,False
27.0,0.5,13,-1,-1,1,45.0,False
27.0,0.5,14,-1,-1,1,32.5,False
27.0,0.5,15,-1,-1,1,49.0,False
27.0,0.5,16,302,0,0,54.0,False
27.0,0.5,17,-1,-1,1,49.0,False
27.0,0.5,18,-1,-1,1,47.0,False
27.0,0.5,19,-1,-1,1,48.0,False
27.0,0.5,20,-1,-1,1,55.5,False
27.0,0.5,21,-1,-1,1,54.5,False
27.0,0.5,22,-1,-1,1,49.5,False
27.0,0.5,23,-1,-1,1,47.5,False
27.0,0.5,24,-1,-1,1,70.0,False
27.0,0.5,25,-1,-1,1,51.5,False
27.0,0.5,26,-1,-1,1,56.5,False
27.0,0.5,27,-1,-1,1,51.5,False
27.0,0.5,28,-1,-1,1,49.5,False
27.0,0.5,29,-1,-1,1,50.5,False
27.0,0.5,30,-1,-1,1,43.0,False
27.0,0.5,31,-1,-1,1,42.0,False
27.0,0.5,32,-1,-1,3,22.0,False
27.0,0.5,33,300,0,0,52.5,False
27.0,0.5,34,-1,-1,1,40.0,False
27.0,0.5,35,-1,-1,1,39.0,False
27.0,0.5,36,-1,-1,1,44.0,False
27.0,0.5,37,-1,-1,1,39.0,False
27.0,0.5,38,-1,-1,3,22.0,False
27.0,0.5,39,-1,-1,1,38.0,False
30.0,0.5,0,-1,-1,1,43.0,False
30.0,0.5,1,-1,-1,1,42.0,False
30.0,0.5,2,-1,-1,1,37.0,False
30.0,0.5,3,-1,-1,1,35.0,False
30.0,0.5,4,-1,-1,1,40.0,False
30.0,0.5,5,-1,-1,1,39.0,False
30.0,0.5,6,-1,-1,1,44.0,False
30.0,0.5,7,-1,-1,1,39.0,False
30.0,0.5,8,-1,-1,1,37.0,False
30.0,0.5,9,303,0,0,55.5,False
30.0,0.5,10,-1,-1,1,50.5,False
30.0,0.5,11,-1,-1,1,49.5,False
30.0,0.5,12,-1,-1,1,44.5,False
30.0,0.5,13,-1,-1,1,42.5,False
30.0,0.5,14,300,0,0,47.5,False
30.0,0.5,15,-1,-1,1,46.5,False
30.0,0.5,16,-1,-1,1,51.5,False
30.0,0.5,17,-1,-1,1,46.5,False
30.0,0.5,18,-1,-1,1,44.5,False
30.0,0.5,19,-1,-1,1,45.5,False
30.0,0.5,20,-1,-1,1,53.0,False
30.0,0.5,21,-1,-1,1,52.0,False
30.0,0.5,22,-1,-1,1,47.0,False
30.0,0.5,23,-1,-1,1,45.0,False
30.0,0.5,24,-1,-1,1,67.5,False
30.0,0.5,25,-1,-1,1,49.0,False
30.0,0.5,26,-1,-1,1,54.0,False
30.0,0.5,27,-1,-1,1,49.0,False
30.0,0.5,28,-1,-1,1,47.0,False
30.0,0.5,29,-1,-1,1,48.0,False
30.0,0.5,30,-1,-1,1,40.5,False
30.0,0.5,31,-1,-1,1,39.5,False
30.0,0.5,32,-1,-1,3,22.0,False
30.0,0.5,33,-1,-1,1,50.0,False
30.0,0.5,34,-1,-1,1,37.5,False
30.0,0.5,35,302,0,0,54.0,False
30.0,0.5,36,-1,-1,1,41.5,False
30.0,0.5,37,-1,-1,1,36.5,False
30.0,0.5,38,-1,-1,3,22.0,False
30.0,0.5,39,301,0,0,53.0,False
33.0,0.5,0,-1,-1,1,40.5,False
33.0,0.5,1,-1,-1,1,39.5,False
33.0,0.5,2,-1,-1,1,34.5,False
33.0,0.5,3,-1,-1,1,32.5,False
33.0,0.5,4,-1,-1,1,37.5,False
33.0,0.5,5,-1,-1,1,36.5,False
33.0,0.5,6,-1,-1,1,41.5,False
33.0,0.5,7,-1,-1,1,36.5,False
33.0,0.5,8,-1,-1,1,34.5,False
33.0,0.5,9,-1,-1,1,53.0,False
33.0,0.5,10,-1,-1,1,48.0,False
33.0,0.5,11,-1,-1,1,47.0,False
33.0,0.5,12,-1,-1,1,42.0,False
33.0,0.5,13,-1,-1,1,40.0,False
33.0,0.5,14,-1,-1,1,45.0,False
33.0,0.5,15,-1,-1,1,44.0,False
33.0,0.5,16,-1,-1,1,49.0,False
33.0,0.5,17,-1,-1,1,44.0,False
33.0,0.5,18,-1,-1,1,42.0,False
33.0,0.5,19,-1,-1,1,43.0,False
33.0,0.5,20,-1,-1,1,50.5,False
33.0,0.5,21,-1,-1,1,49.5,False
33.0,0.5,22,-1,-1,1,44.5,False
33.0,0.5,23,-1,-1,1,42.5,False
33.0,0.5,24,-1,-1,1,65.0,False
33.0,0.5,25,-1,-1,1,46.5,False
33.0,0.5,26,-1,-1,1,51.5,False
33.0,0.5,27,-1,-1,1,46.5,False
33.0,0.5,28,-1,-1,1,44.5,False
33.0,0.5,29,-1,-1,1,45.5,False
33.0,0.5,30,300,0,0,55.5,False
33.0,0.5,31,-1,-1,1,37.0,False
33.0,0.5,32,-1,-1,3,22.0,False
33.0,0.5,33,-1,-1,1,47.5,False
33.0,0.5,34,-1,-1,1,35.0,False
33.0,0.5,35,-1,-1,1,51.5,False
33.0,0.5,36,-1,-1,1,39.0,False
33.0,0.5,37,-1,-1,1,34.0,False
33.0,0.5,38,-1,-1,3,22.0,False
33.0,0.5,39,-1,-1,1,50.5,False
36.0,0.5,0,306,0,0,55.5,False
36.0,0.5,1,305,0,0,54.5,False
36.0,0.5,2,300,0,0,49.5,False
36.0,0.5,3,-1,-1,1,30.0,False
36.0,0.5,4,-1,-1,1,35.0,False
36.0,0.5,5,302,0,0,51.5,False
36.0,0.5,6,-1,-1,1,39.0,False
36.0,0.5,7,303,0,0,51.5,False
36.0,0.5,8,-1,-1,1,32.0,False
36.0,0.5,9,-1,-1,1,50.5,False
36.0,0.5,10,-1,-1,1,45.5,False
36.0,0.5,11,-1,-1,1,44.5,False
36.0,0.5,12,-1,-1,1,39.5,False
36.0,0.5,13,-1,-1,1,37.5,False
36.0,0.5,14,-1,-1,1,42.5,False
36.0,0.5,15,-1,-1,1,41.5,False
36.0,0.5,16,-1,-1,1,46.5,False
36.0,0.5,17,-1,-1,1,41.5,False
36.0,0.5,18,-1,-1,1,39.5,False
36.0,0.5,19,-1,-1,1,40.5,False
36.0,0.5,20,-1,-1,1,48.0,False
36.0,0.5,21,-1,-1,1,47.0,False
36.0,0.5,22,-1,-1,1,42.0,False
36.0,0.5,23,-1,-1,1,40.0,False
36.0,0.5,24,-1,-1,1,62.5,False
36.0,0.5,25,-1,-1,1,44.0,False
36.0,0.5,26,-1,-1,1,49.0,False
36.0,0.5,27,-1,-1,1,44.0,False
36.0,0.5,28,-1,-1,1,42.0,False
36.0,0.5,29,-1,-1,1,43.0,False
36.0,0.5,30,-1,-1,1,53.0,False
36.0,0.5,31,-1,-1,1,34.5,False
36.0,0.5,32,-1,-1,3,22.0,False
36.0,0.5,33,-1,-1,1,45.0,False
36.0,0.5,34,301,0,0,50.0,False
36.0,0.5,35,-1,-1,1,49.0,False
36.0,0.5,36,304,0,0,54.0,False
36.0,0.5,37,-1,-1,1,31.5,False
36.0,0.5,38,-1,-1,3,22.0,False
36.0,0.5,39,-1,-1,1,48.0,False
39.0,0.5,0,-1,-1,1,53.0,False
39.0,0.5,1,-1,-1,1,52.0,False
39.0,0.5,2,-1,-1,1,47.0,False
39.0,0.5,3,300,0,0,45.0,False
39.0,0.5,4,-1,-1,1,32.5,False
39.0,0.5,5,-1,-1,1,49.0,False
39.0,0.5,6,303,0,0,54.0,False
39.0,0.5,7,-1,-1,1,49.0,False
39.0,0.5,8,301,0,0,47.0,False
39.0,0.5,9,-1,-1,1,48.0,False
39.0,0.5,10,-1,-1,1,43.0,False
39.0,0.5,11,-1,-1,1,42.0,False
39.0,0.5,12,-1,-1,1,37.0,False
39.0,0.5,13,302,0,0,52.5,False
39.0,0.5,14,-1,-1,1,40.0,False
39.0,0.5,15,-1,-1,1,39.0,False
39.0,0.5,16,-1,-1,1,44.0,False
39.0,0.5,17,306,0,0,56.5,False
39.0,0.5,18,-1,-1,1,37.0,False
39.0,0.5,19,305,0,0,55.5,False
39.0,0.5,20,-1,-1,1,45.5,False
39.0,0.5,21,-1,-1,1,44.5,False
39.0,0.5,22,-1,-1,1,39.5,False
39.0,0.5,23,304,0,0,55.0,False
39.0,0.5,24,-1,-1,1,60.0,False
39.0,0.5,25,-1,-1,1,41.5,False
39.0,0.5,26,-1,-1,1,46.5,False
39.0,0.5,27,-1,-1,1,41.5,False
39.0,0.5,28,-1,-1,1,39.5,False
39.0,0.5,29,-1,-1,1,40.5,False
39.0,0.5,30,-1,-1,1,50.5,False
39.0,0.5,31,-1,-1,1,32.0,False
39.0,0.5,32,-1,-1,3,22.0,False
39.0,0.5,33,-1,-1,1,42.5,False
39.0,0.5,34,-1,-1,1,47.5,False
39.0,0.5,35,-1,-1,1,46.5,False
39.0,0.5,36,-1,-1,1,51.5,False
39.0,0.5,37,-1,-1,1,29.0,False
39.0,0.5,38,-1,-1,3,22.0,False
39.0,0.5,39,-1,-1,1,45.5,False
42.0,0.5,0,-1,-1,1,50.5,False
42.0,0.5,1,-1,-1,1,49.5,False
42.0,0.5,2,-1,-1,1,44.5,False
42.0,0.5,3,-1,-1,1,42.5,False
42.0,0.5,4,-1,-1,1,30.0,False
42.0,0.5,5,-1,-1,1,46.5,False
42.0,0.5,6,-1,-1,1,51.5,False
42.0,0.5,7,-1,-1,1,46.5,False
42.0,0.5,8,-1,-1,1,44.5,False
42.0,0.5,9,-1,-1,1,45.5,False
42.0,0.5,10,-1,-1,1,40.5,False
42.0,0.5,11,302,0,0,57.0,False
42.0,0.5,12,301,0,0,52.0,False
42.0,0.5,13,-1,-1,1,50.0,False
42.0,0.5,14,-1,-1,1,37.5,False
42.0,0.5,15,-1,-1,1,36.5,False
42.0,0.5,16,-1,-1,1,41.5,False
42.0,0.5,17,-1,-1,1,54.0,False
42.0,0.5,18,-1,-1,1,34.5,False
42.0,0.5,19,-1,-1,1,53.0,False
42.0,0.5,20,-1,-1,1,43.0,False
42.0,0.5,21,-1,-1,1,42.0,False
42.0,0.5,22,-1,-1,1,37.0,False
42.0,0.5,23,-1,-1,1,52.5,False
42.0,0.5,24,-1,-1,1,57.5,False
42.0,0.5,25,-1,-1,1,39.0,False
42.0,0.5,26,-1,-1,1,44.0,False
42.0,0.5,27,-1,-1,1,39.0,False
42.0,0.5,28,-1,-1,1,37.0,False
42.0,0.5,29,-1,-1,1,38.0,False
42.0,0.5,30,-1,-1,1,48.0,False
42.0,0.5,31,-1,-1,1,29.5,False
42.0,0.5,32,-1,-1,3,22.0,False
42.0,0.5,33,-1,-1,1,40.0,False
42.0,0.5,34,-1,-1,1,45.0,False
42.0,0.5,35,-1,-1,1,44.0,False
42.0,0.5,36,-1,-1,1,49.0,False
42.0,0.5,37,300,0,0,44.0,False
42.0,0.5,38,-1,-1,3,22.0,False
42.0,0.5,39,-1,-1,1,43.0,False
45.0,0.5,0,-1,-1,1,48.0,False
45.0,0.5,1,-1,-1,1,47.0,False
45.0,0.5,2,-1,-1,1,42.0,False
45.0,0.5,3,-1,-1,1,40.0,False
45.0,0.5,4,-1,-1,1,27.5,False
45.0,0.5,5,-1,-1,1,44.0,False
45.0,0.5,6,-1,-1,1,49.0,False
45.0,0.5,7,-1,-1,1,44.0,False
45.0,0.5,8,-1,-1,1,42.0,False
45.0,0.5,9,-1,-1,1,43.0,False
45.0,0.5,10,305,0,0,55.5,False
45.0,0.5,11,-1,-1,1,54.5,False
45.0,0.5,12,-1,-1,1,49.5,False
45.0,0.5,13,-1,-1,1,47.5,False
45.0,0.5,14,-1,-1,1,35.0,False
45.0,0.5,15,-1,-1,1,34.0,False
45.0,0.5,16,-1,-1,1,39.0,False
45.0,0.5,17,-1,-1,1,51.5,False
45.0,0.5,18,-1,-1,1,32.0,False
45.0,0.5,19,-1,-1,1,50.5,False
45.0,0.5,20,-1,-1,1,40.5,False
45.0,0.5,21,-1,-1,1,39.5,False
45.0,0.5,22,301,0,0,52.0,False
45.0,0.5,23,-1,-1,1,50.0,False
45.0,0.5,24,-1,-1,1,55.0,False
45.0,0.5,25,302,0,0,54.0,False
45.0,0.5,26,-1,-1,1,41.5,False
45.0,0.5,27,303,0,0,54.0,False
45.0,0.5,28,-1,-1,1,34.5,False
45.0,0.5,29,-1,-1,1,35.5,False
45.0,0.5,30,-1,-1,1,45.5,False
45.0,0.5,31,300,0,0,44.5,False
45.0,0.5,32,-1,-1,3,22.0,False
45.0,0.5,33,304,0,0,55.0,False
45.0,0.5,34,-1,-1,1,42.5,False
45.0,0.5,35,-1,-1,1,41.5,False
45.0,0.5,36,-1,-1,1,46.5,False
45.0,0.5,37,-1,-1,1,41.5,False
45.0,0.5,38,-1,-1,3,22.0,False
45.0,0.5,39,-1,-1,1,40.5,False
48.0,0.5,0,-1,-1,1,45.5,False
48.0,0.5,1,-1,-1,1,44.5,False
48.0,0.5,2,-1,-1,1,39.5,False
48.0,0.5,3,-1,-1,1,37.5,False
48.0,0.5,4,300,0,0,42.5,False
48.0,0.5,5,-1,-1,1,41.5,False
48.0,0.5,6,-1,-1,1,46.5,False
48.0,0.5,7,-1,-1,1,41.5,False
48.0,0.5,8,-1,-1,1,39.5,False
48.0,0.5,9,-1,-1,1,40.5,False
48.0,0.5,10,-1,-1,1,53.0,False
48.0,0.5,11,-1,-1,1,52.0,False
48.0,0.5,12,-1,-1,1,47.0,False
48.0,0.5,13,-1,-1,1,45.0,False
48.0,0.5,14,301,0,0,50.0,False
48.0,0.5,15,-1,-1,1,31.5,False
48.0,0.5,16,-1,-1,1,36.5,False
48.0,0.5,17,-1,-1,1,49.0,False
48.0,0.5,18,-1,-1,1,29.5,False
48.0,0.5,19,-1,-1,1,48.0,False
48.0,0.5,20,303,0,0,55.5,False
48.0,0.5,21,-1,-1,1,37.0,False
48.0,0.5,22,-1,-1,1,49.5,False
48.0,0.5,23,-1,-1,1,47.5,False
48.0,0.5,24,-1,-1,1,52.5,False
48.0,0.5,25,-1,-1,1,51.5,False
48.0,0.5,26,-1,-1,1,39.0,False
48.0,0.5,27,-1,-1,1,51.5,False
48.0,0.5,28,-1,-1,1,32.0,False
48.0,0.5,29,302,0,0,50.5,False
48.0,0.5,30,-1,-1,1,43.0,False
48.0,0.5,31,-1,-1,1,42.0,False
48.0,0.5,32,-1,-1,3,22.0,False
48.0,0.5,33,-1,-1,1,52.5,False
48.0,0.5,34,-1,-1,1,40.0,False
48.0,0.5,35,-1,-1,1,39.0,False
48.0,0.5,36,-1,-1,1,44.0,False
48.0,0.5,37,-1,-1,1,39.0,False
48.0,0.5,38,-1,-1,3,22.0,False
48.0,0.5,39,-1,-1,1,38.0,False
51.0,0.5,0,-1,-1,1,43.0,False
51.0,0.5,1,-1,-1,1,42.0,False
51.0,0.5,2,300,0,0,54.5,False
51.0,0.5,3,-1,-1,1,35.0,False
51.0,0.5,4,-1,-1,1,40.0,False
51.0,0.5,5,-1,-1,1,39.0,False
51.0,0.5,6,-1,-1,1,44.0,False
51.0,0.5,7,-1,-1,1,39.0,False
51.0,0.5,8,-1,-1,1,37.0,False
51.0,0.5,9,302,0,0,55.5,False
51.0,0.5,10,-1,-1,1,50.5,False
51.0,0.5,11,-1,-1,1,49.5,False
51.0,0.5,12,-1,-1,1,44.5,False
51.0,0.5,13,-1,-1,1,42.5,False
51.0,0.5,14,-1,-1,1,47.5,False
51.0,0.5,15,-1,-1,1,29.0,False
51.0,0.5,16,-1,-1,1,34.0,False
51.0,0.5,17,-1,-1,1,46.5,False
51.0,0.5,18,-1,-1,1,27.0,False
51.0,0.5,19,-1,-1,1,45.5,False
51.0,0.5,20,-1,-1,1,53.0,False
51.0,0.5,21,-1,-1,1,34.5,False
51.0,0.5,22,-1,-1,1,47.0,False
51.0,0.5,23,-1,-1,1,45.0,False
51.0,0.5,24,-1,-1,1,50.0,False
51.0,0.5,25,-1,-1,1,49.0,False
51.0,0.5,26,-1,-1,1,36.5,False
51.0,0.5,27,-1,-1,1,49.0,False
51.0,0.5,28,-1,-1,1,29.5,False
51.0,0.5,29,-1,-1,1,48.0,False
51.0,0.5,30,-1,-1,1,40.5,False
51.0,0.5,31,303,0,0,57.0,False
51.0,0.5,32,-1,-1,3,22.0,False
51.0,0.5,33,-1,-1,1,50.0,False
51.0,0.5,34,301,0,0,55.0,False
51.0,0.5,35,-1,-1,1,36.5,False
51.0,0.5,36,-1,-1,1,41.5,False
51.0,0.5,37,-1,-1,1,36.5,False
51.0,0.5,38,-1,-1,3,22.0,False
51.0,0.5,39,-1,-1,1,35.5,False
54.0,0.5,0,-1,-1,1,40.5,False
54.0,0.5,1,-1,-1,1,39.5,False
54.0,0.5,2,-1,-1,1,52.0,False
54.0,0.5,3,300,0,0,50.0,False
54.0,0.5,4,-1,-1,1,37.5,False
54.0,0.5,5,301,0,0,54.0,False
54.0,0.5,6,-1,-1,1,41.5,False
54.0,0.5,7,-1,-1,1,36.5,False
54.0,0.5,8,-1,-1,1,34.5,False
54.0,0.5,9,-1,-1,1,53.0,False
54.0,0.5,10,-1,-1,1,48.0,False
54.0,0.5,11,-1,-1,1,47.0,False
54.0,0.5,12,-1,-1,1,42.0,False
54.0,0.5,13,-1,-1,1,40.0,False
54.0,0.5,14,-1,-1,1,45.0,False
54.0,0.5,15,-1,-1,1,26.5,False
54.0,0.5,16,-1,-1,1,31.5,False
54.0,0.5,17,-1,-1,1,44.0,False
54.0,0.5,18,-1,-1,1,24.5,False
54.0,0.5,19,-1,-1,1,43.0,False
54.0,0.5,20,-1,-1,1,50.5,False
54.0,0.5,21,-1,-1,1,32.0,False
54.0,0.5,22,-1,-1,1,44.5,False
54.0,0.5,23,-1,-1,1,42.5,False
54.0,0.5,24,-1,-1,1,47.5,False
54.0,0.5,25,-1,-1,1,46.5,False
54.0,0.5,26,-1,-1,1,34.0,False
54.0,0.5,27,-1,-1,1,46.5,False
54.0,0.5,28,-1,-1,1,27.0,False
54.0,0.5,29,-1,-1,1,45.5,False
54.0,0.5,30,-1,-1,1,38.0,False
54.0,0.5,31,-1,-1,1,54.5,False
54.0,0.5,32,-1,-1,3,22.0,False
54.0,0.5,33,-1,-1,1,47.5,False
54.0,0.5,34,-1,-1,1,52.5,False
54.0,0.5,35,-1,-1,1,34.0,False
54.0,0.5,36,302,0,0,56.5,False
54.0,0.5,37,-1,-1,1,34.0,False
54.0,0.5,38,-1,-1,3,22.0,False
54.0,0.5,39,-1,-1,1,33.0,False
57.0,0.5,0,-1,-1,1,38.0,False
57.0,0.5,1,-1,-1,1,37.0,False
57.0,0.5,2,-1,-1,1,49.5,False
57.0,0.5,3,-1,-1,1,47.5,False
57.0,0.5,4,-1,-1,1,35.0,False
57.0,0.5,5,-1,-1,1,51.5,False
57.0,0.5,6,-1,-1,1,39.0,False
57.0,0.5,7,302,0,0,51.5,False
57.0,0.5,8,-1,-1,1,32.0,False
57.0,0.5,9,-1,-1,1,50.5,False
57.0,0.5,10,-1,-1,1,45.5,False
57.0,0.5,11,-1,-1,1,44.5,False
57.0,0.5,12,-1,-1,1,39.5,False
57.0,0.5,13,-1,-1,1,37.5,False
57.0,0.5,14,-1,-1,1,42.5,False
57.0,0.5,15,-1,-1,1,24.0,False
57.0,0.5,16,-1,-1,1,29.0,False
57.0,0.5,17,-1,-1,1,41.5,False
57.0,0.5,18,-1,-1,1,22.0,False
57.0,0.5,19,-1,-1,1,40.5,False
57.0,0.5,20,-1,-1,1,48.0,False
57.0,0.5,21,-1,-1,1,29.5,False
57.0,0.5,22,-1,-1,1,42.0,False
57.0,0.5,23,-1,-1,1,40.0,False
57.0,0.5,24,-1,-1,1,45.0,False
57.0,0.5,25,-1,-1,1,44.0,False
57.0,0.5,26,300,0,0,49.0,False
57.0,0.5,27,-1,-1,1,44.0,False
57.0,0.5,28,-1,-1,1,24.5,False
57.0,0.5,29,-1,-1,1,43.0,False
57.0,0.5,30,-1,-1,1,35.5,False
57.0,0.5,31,-1,-1,1,52.0,False
57.0,0.5,32,-1,-1,3,22.0,False
57.0,0.5,33,-1,-1,1,45.0,False
57.0,0.5,34,-1,-1,1,50.0,False
57.0,0.5,35,-1,-1,1,31.5,False
57.0,0.5,36,-1,-1,1,54.0,False
57.0,0.5,37,301,0,0,49.0,False
57.0,0.5,38,-1,-1,3,22.0,False
57.0,0.5,39,-1,-1,1,30.5,False
60.0,0.5,0,-1,-1,1,35.5,False
60.0,0.5,1,-1,-1,1,34.5,False
60.0,0.5,2,-1,-1,1,47.0,False
60.0,0.5,3,-1,-1,1,45.0,False
60.0,0.5,4,-1,-1,1,32.5,False
60.0,0.5,5,-1,-1,1,49.0,False
60.0,0.5,6,-1,-1,1,36.5,False
60.0,0.5,7,-1,-1,1,49.0,False
60.0,0.5,8,-1,-1,1,29.5,False
60.0,0.5,9,-1,-1,1,48.0,False
60.0,0.5,10,-1,-1,1,43.0,False
60.0,0.5,11,-1,-1,1,42.0,False
60.0,0.5,12,-1,-1,1,37.0,False
60.0,0.5,13,301,0,0,52.5,False
60.0,0.5,14,-1,-1,1,40.0,False
60.0,0.5,15,-1,-1,1,21.5,False
60.0,0.5,16,-1,-1,1,26.5,False
60.0,0.5,17,-1,-1,1,39.0,False
60.0,0.5,18,-1,-1,3,22.0,False
60.0,0.5,19,302,0,0,55.5,False
60.0,0.5,20,-1,-1,1,45.5,False
60.0,0.5,21,-1,-1,1,27.0,False
60.0,0.5,22,-1,-1,1,39.5,False
60.0,0.5,23,-1,-1,1,37.5,False
60.0,0.5,24,-1,-1,1,42.5,False
60.0,0.5,25,-1,-1,1,41.5,False
60.0,0.5,26,-1,-1,1,46.5,False
60.0,0.5,27,-1,-1,1,41.5,False
60.0,0.5,28,-1,-1,1,22.0,False
60.0,0.5,29,-1,-1,1,40.5,False
60.0,0.5,30,-1,-1,1,33.0,False
60.0,0.5,31,-1,-1,1,49.5,False
60.0,0.5,32,-1,-1,3,22.0,False
60.0,0.5,33,-1,-1,1,42.5,False
60.0,0.5,34,-1,-1,1,47.5,False
60.0,0.5,35,300,0,0,46.5,False
60.0,0.5,36,-1,-1,1,51.5,False
60.0,0.5,37,-1,-1,1,46.5,False
60.0,0.5,38,-1,-1,3,22.0,False
60.0,0.5,39,-1,-1,1,28.0,False
63.0,0.5,0,-1,-1,1,33.0,False
63.0,0.5,1,-1,-1,1,32.0,False
63.0,0.5,2,-1,-1,1,44.5,False
63.0,0.5,3,-1,-1,1,42.5,False
63.0,0.5,4,-1,-1,1,30.0,False
63.0,0.5,5,-1,-1,1,46.5,False
63.0,0.5,6,301,0,0,51.5,False
63.0,0.5,7,-1,-1,1,46.5,False
63.0,0.5,8,-1,-1,1,27.0,False
63.0,0.5,9,-1,-1,1,45.5,False
63.0,0.5,10,-1,-1,1,40.5,False
63.0,0.5,11,-1,-1,1,39.5,False
63.0,0.5,12,-1,-1,1,34.5,False
63.0,0.5,13,-1,-1,1,50.0,False
63.0,0.5,14,-1,-1,1,37.5,False
63.0,0.5,15,-1,-1,3,21.5,False
63.0,0.5,16,-1,-1,1,24.0,False
63.0,0.5,17,302,0,0,54.0,False
63.0,0.5,18,-1,-1,3,22.0,False
63.0,0.5,19,-1,-1,1,53.0,False
63.0,0.5,20,-1,-1,1,43.0,False
63.0,0.5,21,-1,-1,1,24.5,False
63.0,0.5,22,-1,-1,1,37.0,False
63.0,0.5,23,-1,-1,1,35.0,False
63.0,0.5,24,-1,-1,1,40.0,False
63.0,0.5,25,-1,-1,1,39.0,False
63.0,0.5,26,-1,-1,1,44.0,False
63.0,0.5,27,-1,-1,1,39.0,False
63.0,0.5,28,-1,-1,3,22.0,False
63.0,0.5,29,303,0,0,55.5,False
63.0,0.5,30,300,0,0,48.0,False
63.0,0.5,31,-1,-1,1,47.0,False
63.0,0.5,32,-1,-1,3,22.0,False
63.0,0.5,33,-1,-1,1,40.0,False
63.0,0.5,34,-1,-1,1,45.0,False
63.0,0.5,35,-1,-1,1,44.0,False
63.0,0.5,36,-1,-1,1,49.0,False
63.0,0.5,37,-1,-1,1,44.0,False
63.0,0.5,38,-1,-1,3,22.0,False
63.0,0.5,39,-1,-1,1,25.5,False
66.0,0.5,0,-1,-1,1,30.5,False
66.0,0.5,1,300,0,0,47.0,False
66.0,0.5,2,-1,-1,1,42.0,False
66.0,0.5,3,-1,-1,1,40.0,False
66.0,0.5,4,-1,-1,1,27.5,False
66.0,0.5,5,-1,-1,1,44.0,False
66.0,0.5,6,-1,-1,1,49.0,False
66.0,0.5,7,-1,-1,1,44.0,False
66.0,0.5,8,-1,-1,1,24.5,False
66.0,0.5,9,-1,-1,1,43.0,False
66.0,0.5,10,302,0,0,55.5,False
66.0,0.5,11,-1,-1,1,37.0,False
66.0,0.5,12,-1,-1,1,32.0,False
66.0,0.5,13,-1,-1,1,47.5,False
66.0,0.5,14,301,0,0,52.5,False
66.0,0.5,15,-1,-1,3,21.5,False
66.0,0.5,16,-1,-1,1,21.5,False
66.0,0.5,17,-1,-1,1,51.5,False
66.0,0.5,18,-1,-1,3,22.0,False
66.0,0.5,19,-1,-1,1,50.5,False
66.0,0.5,20,-1,-1,1,40.5,False
66.0,0.5,21,-1,-1,1,22.0,False
66.0,0.5,22,-1,-1,1,34.5,False
66.0,0.5,23,-1,-1,1,32.5,False
66.0,0.5,24,-1,-1,1,37.5,False
66.0,0.5,25,-1,-1,1,36.5,False
66.0,0.5,26,-1,-1,1,41.5,False
66.0,0.5,27,-1,-1,1,36.5,False
66.0,0.5,28,-1,-1,3,22.0,False
66.0,0.5,29,-1,-1,1,53.0,False
66.0,0.5,30,-1,-1,1,45.5,False
66.0,0.5,31,-1,-1,1,44.5,False
66.0,0.5,32,-1,-1,3,22.0,False
66.0,0.5,33,-1,-1,1,37.5,False
66.0,0.5,34,-1,-1,1,42.5,False
66.0,0.5,35,-1,-1,1,41.5,False
66.0,0.5,36,-1,-1,1,46.5,False
66.0,0.5,37,-1,-1,1,41.5,False
66.0,0.5,38,-1,-1,3,22.0,False
66.0,0.5,39,-1,-1,1,23.0,False
69.0,0.5,0,-1,-1,1,28.0,False
69.0,0.5,1,-1,-1,1,44.5,False
69.0,0.5,2,-1,-1,1,39.5,False
69.0,0.5,3,-1,-1,1,37.5,False
69.0,0.5,4,-1,-1,1,25.0,False
69.0,0.5,5,-1,-1,1,41.5,False
69.0,0.5,6,-1,-1,1,46.5,False
69.0,0.5,7,-1,-1,1,41.5,False
69.0,0.5,8,-1,-1,1,22.0,False
69.0,0.5,9,-1,-1,1,40.5,False
69.0,0.5,10,-1,-1,1,53.0,False
69.0,0.5,11,301,0,0,52.0,False
69.0,0.5,12,-1,-1,1,29.5,False
69.0,0.5,13,-1,-1,1,45.0,False
69.0,0.5,14,-1,-1,1,50.0,False
69.0,0.5,15,-1,-1,3,21.5,False
69.0,0.5,16,-1,-1,3,21.5,False
69.0,0.5,17,-1,-1,1,49.0,False
69.0,0.5,18,-1,-1,3,22.0,False
69.0,0.5,19,-1,-1,1,48.0,False
69.0,0.5,20,-1,-1,1,38.0,False
69.0,0.5,21,-1,-1,3,22.0,False
69.0,0.5,22,-1,-1,1,32.0,False
69.0,0.5,23,-1,-1,1,30.0,False
69.0,0.5,24,302,0,0,52.5,False
69.0,0.5,25,300,0,0,51.5,False
69.0,0.5,26,-1,-1,1,39.0,False
69.0,0.5,27,-1,-1,1,34.0,False
69.0,0.5,28,-1,-1,3,22.0,False
69.0,0.5,29,-1,-1,1,50.5,False
69.0,0.5,30,-1,-1,1,43.0,False
69.0,0.5,31,-1,-1,1,42.0,False
69.0,0.5,32,-1,-1,3,22.0,False
69.0,0.5,33,303,0,0,52.5,False
69.0,0.5,34,-1,-1,1,40.0,False
69.0,0.5,35,-1,-1,1,39.0,False
69.0,0.5,36,-1,-1,1,44.0,False
69.0,0.5,37,-1,-1,1,39.0,False
69.0,0.5,38,-1,-1,3,22.0,False
69.0,0.5,39,-1,-1,1,20.5,False
72.0,0.5,0,-1,-1,1,25.5,False
72.0,0.5,1,-1,-1,1,42.0,False
72.0,0.5,2,-1,-1,1,37.0,False
72.0,0.5,3,-1,-1,1,35.0,False
72.0,0.5,4,-1,-1,1,22.5,False
72.0,0.5,5,-1,-1,1,39.0,False
72.0,0.5,6,-1,-1,1,44.0,False
72.0,0.5,7,304,0,0,56.5,False
72.0,0.5,8,-1,-1,3,22.0,False
72.0,0.5,9,-1,-1,1,38.0,False
72.0,0.5,10,-1,-1,1,50.5,False
72.0,0.5,11,-1,-1,1,49.5,False
72.0,0.5,12,300,0,0,44.5,False
72.0,0.5,13,-1,-1,1,42.5,False
72.0,0.5,14,-1,-1,1,47.5,False
72.0,0.5,15,-1,-1,3,21.5,False
72.0,0.5,16,-1,-1,3,21.5,False
72.0,0.5,17,-1,-1,1,46.5,False
72.0,0.5,18,-1,-1,3,22.0,False
72.0,0.5,19,-1,-1,1,45.5,False
72.0,0.5,20,-1,-1,1,35.5,False
72.0,0.5,21,-1,-1,3,22.0,False
72.0,0.5,22,301,0,0,47.0,False
72.0,0.5,23,-1,-1,1,27.5,False
72.0,0.5,24,-1,-1,1,50.0,False
72.0,0.5,25,-1,-1,1,49.0,False
72.0,0.5,26,-1,-1,1,36.5,False
72.0,0.5,27,-1,-1,1,31.5,False
72.0,0.5,28,-1,-1,3,22.0,False
72.0,0.5,29,-1,-1,1,48.0,False
72.0,0.5,30,-1,-1,1,40.5,False
72.0,0.5,31,-1,-1,1,39.5,False
72.0,0.5,32,-1,-1,3,22.0,False
72.0,0.5,33,-1,-1,1,50.0,False
72.0,0.5,34,-1,-1,1,37.5,False
72.0,0.5,35,302,0,0,54.0,False
72.0,0.5,36,-1,-1,1,41.5,False
72.0,0.5,37,303,0,0,54.0,False
72.0,0.5,38,-1,-1,3,22.0,False
72.0,0.5,39,-1,-1,3,20.5,False
75.0,0.5,0,-1,-1,1,23.0,False
75.0,0.5,1,-1,-1,1,39.5,False
75.0,0.5,2,-1,-1,1,34.5,False
75.0,0.5,3,-1,-1,1,32.5,False
75.0,0.5,4,-1,-1,1,20.0,False
75.0,0.5,5,-1,-1,1,36.5,False
75.0,0.5,6,-1,-1,1,41.5,False
75.0,0.5,7,-1,-1,1,54.0,False
75.0,0.5,8,-1,-1,3,22.0,False
75.0,0.5,9,-1,-1,1,35.5,False
75.0,0.5,10,-1,-1,1,48.0,False
75.0,0.5,11,-1,-1,1,47.0,False
75.0,0.5,12,-1,-1,1,42.0,False
75.0,0.5,13,-1,-1,1,40.0,False
75.0,0.5,14,-1,-1,1,45.0,False
75.0,0.5,15,-1,-1,3,21.5,False
75.0,0.5,16,-1,-1,3,21.5,False
75.0,0.5,17,-1,-1,1,44.0,False
75.0,0.5,18,-1,-1,3,22.0,False
75.0,0.5,19,-1,-1,1,43.0,False
75.0,0.5,20,-1,-1,1,33.0,False
75.0,0.5,21,-1,-1,3,22.0,False
75.0,0.5,22,-1,-1,1,44.5,False
75.0,0.5,23,-1,-1,1,25.0,False
75.0,0.5,24,-1,-1,1,47.5,False
75.0,0.5,25,-1,-1,1,46.5,False
75.0,0.5,26,-1,-1,1,34.0,False
75.0,0.5,27,-1,-1,1,29.0,False
75.0,0.5,28,-1,-1,3,22.0,False
75.0,0.5,29,-1,-1,1,45.5,False
75.0,0.5,30,-1,-1,1,38.0,False
75.0,0.5,31,-1,-1,1,37.0,False
75.0,0.5,32,-1,-1,3,22.0,False
75.0,0.5,33,-1,-1,1,47.5,False
75.0,0.5,34,300,0,0,52.5,False
75.0,0.5,35,-1,-1,1,51.5,False
75.0,0.5,36,301,0,0,56.5,False
75.0,0.5,37,-1,-1,1,51.5,False
75.0,0.5,38,-1,-1,3,22.0,False
75.0,0.5,39,-1,-1,3,20.5,False
78.0,0.5,0,-1,-1,1,20.5,False
78.0,0.5,1,-1,-1,1,37.0,False
78.0,0.5,2,301,0,0,49.5,False
78.0,0.5,3,-1,-1,1,30.0,False
78.0,0.5,4,-1,-1,3,20.0,False
78.0,0.5,5,-1,-1,1,34.0,False
78.0,0.5,6,303,0,0,56.5,False
78.0,0.5,7,-1,-1,1,51.5,False
78.0,0.5,8,-1,-1,3,22.0,False
78.0,0.5,9,-1,-1,1,33.0,False
78.0,0.5,10,-1,-1,1,45.5,False
78.0,0.5,11,-1,-1,1,44.5,False
78.0,0.5,12,-1,-1,1,39.5,False
78.0,0.5,13,-1,-1,1,37.5,False
78.0,0.5,14,-1,-1,1,42.5,False
78.0,0.5,15,-1,-1,3,21.5,False
78.0,0.5,16,-1,-1,3,21.5,False
78.0,0.5,17,-1,-1,1,41.5,False
78.0,0.5,18,-1,-1,3,22.0,False
78.0,0.5,19,-1,-1,1,40.5,False
78.0,0.5,20,-1,-1,1,30.5,False
78.0,0.5,21,-1,-1,3,22.0,False
78.0,0.5,22,-1,-1,1,42.0,False
78.0,0.5,23,-1,-1,1,22.5,False
78.0,0.5,24,-1,-1,1,45.0,False
78.0,0.5,25,-1,-1,1,44.0,False
78.0,0.5,26,-1,-1,1,31.5,False
78.0,0.5,27,300,0,0,44.0,False
78.0,0.5,28,-1,-1,3,22.0,False
78.0,0.5,29,-1,-1,1,43.0,False
78.0,0.5,30,-1,-1,1,35.5,False
78.0,0.5,31,302,0,0,52.0,False
78.0,0.5,32,-1,-1,3,22.0,False
78.0,0.5,33,-1,-1,1,45.0,False
78.0,0.5,34,-1,-1,1,50.0,False
78.0,0.5,35,-1,-1,1,49.0,False
78.0,0.5,36,-1,-1,1,54.0,False
78.0,0.5,37,-1,-1,1,49.0,False
78.0,0.5,38,-1,-1,3,22.0,False
78.0,0.5,39,-1,-1,3,20.5,False
81.0,0.5,0,-1,-1,3,20.5,False
81.0,0.5,1,-1,-1,1,34.5,False
81.0,0.5,2,-1,-1,1,47.0,False
81.0,0.5,3,-1,-1,1,27.5,False
81.0,0.5,4,-1,-1,3,20.0,False
81.0,0.5,5,-1,-1,1,31.5,False
81.0,0.5,6,-1,-1,1,54.0,False
81.0,0.5,7,-1,-1,1,49.0,False
81.0,0.5,8,-1,-1,3,22.0,False
81.0,0.5,9,300,0,0,48.0,False
81.0,0.5,10,-1,-1,1,43.0,False
81.0,0.5,11,-1,-1,1,42.0,False
81.0,0.5,12,-1,-1,1,37.0,False
81.0,0.5,13,-1,-1,1,35.0,False
81.0,0.5,14,301,0,0,57.5,False
81.0,0.5,15,-1,-1,3,21.5,False
81.0,0.5,16,-1,-1,3,21.5,False
81.0,0.5,17,-1,-1,1,39.0,False
81.0,0.5,18,-1,-1,3,22.0,False
81.0,0.5,19,-1,-1,1,38.0,False
81.0,0.5,20,-1,-1,1,28.0,False
81.0,0.5,21,-1,-1,3,22.0,False
81.0,0.5,22,-1,-1,1,39.5,False
81.0,0.5,23,-1,-1,1,20.0,False
81.0,0.5,24,-1,-1,1,42.5,False
81.0,0.5,25,-1,-1,1,41.5,False
81.0,0.5,26,-1,-1,1,29.0,False
81.0,0.5,27,-1,-1,1,41.5,False
81.0,0.5,28,-1,-1,3,22.0,False
81.0,0.5,29,-1,-1,1,40.5,False
81.0,0.5,30,-1,-1,1,33.0,False
81.0,0.5,31,-1,-1,1,49.5,False
81.0,0.5,32,-1,-1,3,22.0,False
81.0,0.5,33,-1,-1,1,42.5,False
81.0,0.5,34,-1,-1,1,47.5,False
81.0,0.5,35,-1,-1,1,46.5,False
81.0,0.5,36,-1,-1,1,51.5,False
81.0,0.5,37,-1,-1,1,46.5,False
81.0,0.5,38,-1,-1,3,22.0,False
81.0,0.5,39,-1,-1,3,20.5,False
84.0,0.5,0,-1,-1,3,20.5,False
84.0,0.5,1,-1,-1,1,32.0,False
84.0,0.5,2,-1,-1,1,44.5,False
84.0,0.5,3,-1,-1,1,25.0,False
84.0,0.5,4,-1,-1,3,20.0,False
84.0,0.5,5,-1,-1,1,29.0,False
84.0,0.5,6,-1,-1,1,51.5,False
84.0,0.5,7,-1,-1,1,46.5,False
84.0,0.5,8,-1,-1,3,22.0,False
84.0,0.5,9,-1,-1,1,45.5,False
84.0,0.5,10,-1,-1,1,40.5,False
84.0,0.5,11,-1,-1,1,39.5,False
84.0,0.5,12,-1,-1,1,34.5,False
84.0,0.5,13,300,0,0,50.0,False
84.0,0.5,14,-1,-1,1,55.0,False
84.0,0.5,15,-1,-1,3,21.5,False
84.0,0.5,16,-1,-1,3,21.5,False
84.0,0.5,17,-1,-1,1,36.5,False
84.0,0.5,18,-1,-1,3,22.0,False
84.0,0.5,19,-1,-1,1,35.5,False
84.0,0.5,20,-1,-1,1,25.5,False
84.0,0.5,21,-1,-1,3,22.0,False
84.0,0.5,22,-1,-1,1,37.0,False
84.0,0.5,23,-1,-1,3,20.0,False
84.0,0.5,24,-1,-1,1,40.0,False
84.0,0.5,25,-1,-1,1,39.0,False
84.0,0.5,26,-1,-1,1,26.5,False
84.0,0.5,27,-1,-1,1,39.0,False
84.0,0.5,28,-1,-1,3,22.0,False
84.0,0.5,29,-1,-1,1,38.0,False
84.0,0.5,30,-1,-1,1,30.5,False
84.0,0.5,31,-1,-1,1,47.0,False
84.0,0.5,32,-1,-1,3,22.0,False
84.0,0.5,33,-1,-1,1,40.0,False
84.0,0.5,34,-1,-1,1,45.0,False
84.0,0.5,35,-1,-1,1,44.0,False
84.0,0.5,36,-1,-1,1,49.0,False
84.0,0.5,37,-1,-1,1,44.0,False
84.0,0.5,38,-1,-1,3,22.0,False
84.0,0.5,39,-1,-1,3,20.5,False
87.0,0.5,0,-1,-1,3,20.5,False
87.0,0.5,1,-1,-1,1,29.5,False
87.0,0.5,2,-1,-1,1,42.0,False
87.0,0.5,3,-1,-1,1,22.5,False
87.0,0.5,4,-1,-1,3,20.0,False
87.0,0.5,5,-1,-1,1,26.5,False
87.0,0.5,6,-1,-1,1,49.0,False
87.0,0.5,7,-1,-1,1,44.0,False
87.0,0.5,8,-1,-1,3,22.0,False
87.0,0.5,9,-1,-1,1,43.0,False
87.0,0.5,10,-1,-1,1,38.0,False
87.0,0.5,11,-1,-1,1,37.0,False
87.0,0.5,12,-1,-1,1,32.0,False
87.0,0.5,13,-1,-1,1,47.5,False
87.0,0.5,14,-1,-1,1,52.5,False
87.0,0.5,15,-1,-1,3,21.5,False
87.0,0.5,16,-1,-1,3,21.5,False
87.0,0.5,17,301,0,0,51.5,False
87.0,0.5,18,-1,-1,3,22.0,False
87.0,0.5,19,-1,-1,1,33.0,False
87.0,0.5,20,-1,-1,1,23.0,False
87.0,0.5,21,-1,-1,3,22.0,False
87.0,0.5,22,-1,-1,1,34.5,False
87.0,0.5,23,-1,-1,3,20.0,False
87.0,0.5,24,303,0,0,55.0,False
87.0,0.5,25,302,0,0,54.0,False
87.0,0.5,26,-1,-1,1,24.0,False
87.0,0.5,27,-1,-1,1,36.5,False
87.0,0.5,28,-1,-1,3,22.0,False
87.0,0.5,29,-1,-1,1,35.5,False
87.0,0.5,30,300,0,0,45.5,False
87.0,0.5,31,-1,-1,1,44.5,False
87.0,0.5,32,-1,-1,3,22.0,False
87.0,0.5,33,-1,-1,1,37.5,False
87.0,0.5,34,-1,-1,1,42.5,False
87.0,0.5,35,-1,-1,1,41.5,False
87.0,0.5,36,-1,-1,1,46.5,False
87.0,0.5,37,-1,-1,1,41.5,False
87.0,0.5,38,-1,-1,3,22.0,False
87.0,0.5,39,-1,-1,3,20.5,False
90.0,0.5,0,-1,-1,3,20.5,False
90.0,0.5,1,-1,-1,1,27.0,False
90.0,0.5,2,-1,-1,1,39.5,False
90.0,0.5,3,-1,-1,1,20.0,False
90.0,0.5,4,-1,-1,3,20.0,False
90.0,0.5,5,-1,-1,1,24.0,False
90.0,0.5,6,-1,-1,1,46.5,False
90.0,0.5,7,-1,-1,1,41.5,False
90.0,0.5,8,-1,-1,3,22.0,False
90.0,0.5,9,-1,-1,1,40.5,False
90.0,0.5,10,-1,-1,1,35.5,False
90.0,0.5,11,-1,-1,1,34.5,False
90.0,0.5,12,-1,-1,1,29.5,False
90.0,0.5,13,-1,-1,1,45.0,False
90.0,0.5,14,-1,-1,1,50.0,False
90.0,0.5,15,-1,-1,3,21.5,False
90.0,0.5,16,-1,-1,3,21.5,False
90.0,0.5,17,-1,-1,1,49.0,False
90.0,0.5,18,-1,-1,3,22.0,False
90.0,0.5,19,-1,-1,1,30.5,False
90.0,0.5,20,-1,-1,1,20.5,False
90.0,0.5,21,-1,-1,3,22.0,False
90.0,0.5,22,-1,-1,1,32.0,False
90.0,0.5,23,-1,-1,3,20.0,False
90.0,0.5,24,-1,-1,1,52.5,False
90.0,0.5,25,-1,-1,1,51.5,False
90.0,0.5,26,-1,-1,1,21.5,False
90.0,0.5,27,301,0,0,51.5,False
90.0,0.5,28,-1,-1,3,22.0,False
90.0,0.5,29,300,0,0,50.5,False
90.0,0.5,30,-1,-1,1,43.0,False
90.0,0.5,31,-1,-1,1,42.0,False
90.0,0.5,32,-1,-1,3,22.0,False
90.0,0.5,33,-1,-1,1,35.0,False
90.0,0.5,34,-1,-1,1,40.0,False
90.0,0.5,35,-1,-1,1,39.0,False
90.0,0.5,36,-1,-1,1,44.0,False
90.0,0.5,37,-1,-1,1,39.0,False
90.0,0.5,38,-1,-1,3,22.0,False
90.0,0.5,39,-1,-1,3,20.5,False
93.0,0.5,0,-1,-1,3,20.5,False
93.0,0.5,1,-1,-1,1,24.5,False
93.0,0.5,2,-1,-1,1,37.0,False
93.0,0.5,3,-1,-1,3,20.0,False
93.0,0.5,4,-1,-1,3,20.0,False
93.0,0.5,5,-1,-1,1,21.5,False
93.0,0.5,6,-1,-1,1,44.0,False
93.0,0.5,7,-1,-1,1,39.0,False
93.0,0.5,8,-1,-1,3,22.0,False
93.0,0.5,9,-1,-1,1,38.0,False
93.0,0.5,10,-1,-1,1,33.0,False
93.0,0.5,11,301,0,0,49.5,False
93.0,0.5,12,-1,-1,1,27.0,False
93.0,0.5,13,-1,-1,1,42.5,False
93.0,0.5,14,-1,-1,1,47.5,False
93.0,0.5,15,-1,-1,3,21.5,False
93.0,0.5,16,-1,-1,3,21.5,False
93.0,0.5,17,-1,-1,1,46.5,False
93.0,0.5,18,-1,-1,3,22.0,False
93.0,0.5,19,300,0,0,45.5,False
93.0,0.5,20,-1,-1,3,20.5,False
93.0,0.5,21,-1,-1,3,22.0,False
93.0,0.5,22,-1,-1,1,29.5,False
93.0,0.5,23,-1,-1,3,20.0,False
93.0,0.5,24,-1,-1,1,50.0,False
93.0,0.5,25,-1,-1,1,49.0,False
93.0,0.5,26,-1,-1,3,21.5,False
93.0,0.5,27,-1,-1,1,49.0,False
93.0,0.5,28,-1,-1,3,22.0,False
93.0,0.5,29,-1,-1,1,48.0,False
93.0,0.5,30,-1,-1,1,40.5,False
93.0,0.5,31,-1,-1,1,39.5,False
93.0,0.5,32,-1,-1,3,22.0,False
93.0,0.5,33,302,0,0,50.0,False
93.0,0.5,34,-1,-1,1,37.5,False
93.0,0.5,35,-1,-1,1,36.5,False
93.0,0.5,36,-1,-1,1,41.5,False
93.0,0.5,37,-1,-1,1,36.5,False
93.0,0.5,38,-1,-1,3,22.0,False
93.0,0.5,39,-1,-1,3,20.5,False
96.0,0.5,0,-1,-1,3,20.5,False
96.0,0.5,1,-1,-1,1,22.0,False
96.0,0.5,2,-1,-1,1,34.5,False
96.0,0.5,3,-1,-1,3,20.0,False
96.0,0.5,4,-1,-1,3,20.0,False
96.0,0.5,5,-1,-1,3,21.5,False
96.0,0.5,6,-1,-1,1,41.5,False
96.0,0.5,7,-1,-1,1,36.5,False
96.0,0.5,8,-1,-1,3,22.0,False
96.0,0.5,9,-1,-1,1,35.5,False
96.0,0.5,10,-1,-1,1,30.5,False
96.0,0.5,11,-1,-1,1,47.0,False
96.0,0.5,12,-1,-1,1,24.5,False
96.0,0.5,13,-1,-1,1,40.0,False
96.0,0.5,14,-1,-1,1,45.0,False
96.0,0.5,15,-1,-1,3,21.5,False
96.0,0.5,16,-1,-1,3,21.5,False
96.0,0.5,17,-1,-1,1,44.0,False
96.0,0.5,18,-1,-1,3,22.0,False
96.0,0.5,19,-1,-1,1,43.0,False
96.0,0.5,20,-1,-1,3,20.5,False
96.0,0.5,21,-1,-1,3,22.0,False
96.0,0.5,22,-1,-1,1,27.0,False
96.0,0.5,23,-1,-1,3,20.0,False
96.0,0.5,24,-1,-1,1,47.5,False
96.0,0.5,25,-1,-1,1,46.5,False
96.0,0.5,26,-1,-1,3,21.5,False
96.0,0.5,27,-1,-1,1,46.5,False
96.0,0.5,28,-1,-1,3,22.0,False
96.0,0.5,29,-1,-1,1,45.5,False
96.0,0.5,30,-1,-1,1,38.0,False
96.0,0.5,31,-1,-1,1,37.0,False
96.0,0.5,32,-1,-1,3,22.0,False
96.0,0.5,33,-1,-1,1,47.5,False
96.0,0.5,34,-1,-1,1,35.0,False
96.0,0.5,35,-1,-1,1,34.0,False
96.0,0.5,36,-1,-1,1,39.0,False
96.0,0.5,37,-1,-1,1,34.0,False
96.0,0.5,38,-1,-1,3,22.0,False
96.0,0.5,39,-1,-1,3,20.5,False
99.0,0.5,0,-1,-1,3,20.5,False
99.0,0.5,1,-1,-1,3,22.0,False
99.0,0.5,2,-1,-1,1,32.0,False
99.0,0.5,3,-1,-1,3,20.0,False
99.0,0.5,4,-1,-1,3,20.0,False
99.0,0.5,5,-1,-1,3,21.5,False
99.0,0.5,6,-1,-1,1,39.0,False
99.0,0.5,7,-1,-1,1,34.0,False
99.0,0.5,8,-1,-1,3,22.0,False
99.0,0.5,9,-1,-1,1,33.0,False
99.0,0.5,10,-1,-1,1,28.0,False
99.0,0.5,11,-1,-1,1,44.5,False
99.0,0.5,12,-1,-1,1,22.0,False
99.0,0.5,13,302,0,0,55.0,False
99.0,0.5,14,-1,-1,1,42.5,False
99.0,0.5,15,-1,-1,3,21.5,False
99.0,0.5,16,-1,-1,3,21.5,False
99.0,0.5,17,-1,-1,1,41.5,False
99.0,0.5,18,-1,-1,3,22.0,False
99.0,0.5,19,-1,-1,1,40.5,False
99.0,0.5,20,-1,-1,3,20.5,False
99.0,0.5,21,-1,-1,3,22.0,False
99.0,0.5,22,300,0,0,42.0,False
99.0,0.5,23,-1,-1,3,20.0,False
99.0,0.5,24,-1,-1,1,45.0,False
99.0,0.5,25,-1,-1,1,44.0,False
99.0,0.5,26,-1,-1,3,21.5,False
99.0,0.5,27,-1,-1,1,44.0,False
99.0,0.5,28,-1,-1,3,22.0,False
99.0,0.5,29,-1,-1,1,43.0,False
99.0,0.5,30,-1,-1,1,35.5,False
99.0,0.5,31,-1,-1,1,34.5,False
99.0,0.5,32,-1,-1,3,22.0,False
99.0,0.5,33,-1,-1,1,45.0,False
99.0,0.5,34,-1,-1,1,32.5,False
99.0,0.5,35,-1,-1,1,31.5,False
99.0,0.5,36,-1,-1,1,36.5,False
99.0,0.5,37,301,0,0,49.0,False
99.0,0.5,38,-1,-1,3,22.0,False
99.0,0.5,39,-1,-1,3,20.5,False
102.0,0.5,0,-1,-1,3,20.5,False
102.0,0.5,1,-1,-1,3,22.0,False
102.0,0.5,2,-1,-1,1,29.5,False
102.0,0.5,3,-1,-1,3,20.0,False
102.0,0.5,4,-1,-1,3,20.0,False
102.0,0.5,5,-1,-1,3,21.5,False
102.0,0.5,6,-1,-1,1,36.5,False
102.0,0.5,7,-1,-1,1,31.5,False
102.0,0.5,8,-1,-1,3,22.0,False
102.0,0.5,9,-1,-1,1,30.5,False
102.0,0.5,10,-1,-1,1,25.5,False
102.0,0.5,11,-1,-1,1,42.0,False
102.0,0.5,12,-1,-1,3,22.0,False
102.0,0.5,13,-1,-1,1,52.5,False
102.0,0.5,14,-1,-1,1,40.0,False
102.0,0.5,15,-1,-1,3,21.5,False
102.0,0.5,16,-1,-1,3,21.5,False
102.0,0.5,17,-1,-1,1,39.0,False
102.0,0.5,18,-1,-1,3,22.0,False
102.0,0.5,19,-1,-1,1,38.0,False
102.0,0.5,20,-1,-1,3,20.5,False
102.0,0.5,21,-1,-1,3,22.0,False
102.0,0.5,22,-1,-1,1,39.5,False
102.0,0.5,23,-1,-1,3,20.0,False
102.0,0.5,24,-1,-1,1,42.5,False
102.0,0.5,25,-1,-1,1,41.5,False
102.0,0.5,26,-1,-1,3,21.5,False
102.0,0.5,27,-1,-1,1,41.5,False
102.0,0.5,28,-1,-1,3,22.0,False
102.0,0.5,29,-1,-1,1,40.5,False
102.0,0.5,30,-1,-1,1,33.0,False
102.0,0.5,31,300,0,0,49.5,False
102.0,0.5,32,-1,-1,3,22.0,False
102.0,0.5,33,-1,-1,1,42.5,False
102.0,0.5,34,-1,-1,1,30.0,False
102.0,0.5,35,-1,-1,1,29.0,False
102.0,0.5,36,-1,-1,1,34.0,False
102.0,0.5,37,-1,-1,1,46.5,False
102.0,0.5,38,-1,-1,3,22.0,False
102.0,0.5,39,-1,-1,3,20.5,False
105.0,0.5,0,-1,-1,3,20.5,False
105.0,0.5,1,-1,-1,3,22.0,False
105.0,0.5,2,-1,-1,1,27.0,False
105.0,0.5,3,-1,-1,3,20.0,False
105.0,0.5,4,-1,-1,3,20.0,False
105.0,0.5,5,-1,-1,3,21.5,False
105.0,0.5,6,-1,-1,1,34.0,False
105.0,0.5,7,300,0,0,46.5,False
105.0,0.5,8,-1,-1,3,22.0,False
105.0,0.5,9,-1,-1,1,28.0,False
105.0,0.5,10,-1,-1,1,23.0,False
105.0,0.5,11,-1,-1,1,39.5,False
105.0,0.5,12,-1,-1,3,22.0,False
105.0,0.5,13,-1,-1,1,50.0,False
105.0,0.5,14,-1,-1,1,37.5,False
105.0,0.5,15,-1,-1,3,21.5,False
105.0,0.5,16,-1,-1,3,21.5,False
105.0,0.5,17,-1,-1,1,36.5,False
105.0,0.5,18,-1,-1,3,22.0,False
105.0,0.5,19,301,0,0,53.0,False
105.0,0.5,20,-1,-1,3,20.5,False
105.0,0.5,21,-1,-1,3,22.0,False
105.0,0.5,22,-1,-1,1,37.0,False
105.0,0.5,23,-1,-1,3,20.0,False
105.0,0.5,24,-1,-1,1,40.0,False
105.0,0.5,25,-1,-1,1,39.0,False
105.0,0.5,26,-1,-1,3,21.5,False
105.0,0.5,27,302,0,0,56.5,False
105.0,0.5,28,-1,-1,3,22.0,False
105.0,0.5,29,-1,-1,1,38.0,False
105.0,0.5,30,-1,-1,1,30.5,False
105.0,0.5,31,-1,-1,1,47.0,False
105.0,0.5,32,-1,-1,3,22.0,False
105.0,0.5,33,-1,-1,1,40.0,False
105.0,0.5,34,-1,-1,1,27.5,False
105.0,0.5,35,-1,-1,1,26.5,False
105.0,0.5,36,-1,-1,1,31.5,False
105.0,0.5,37,-1,-1,1,44.0,False
105.0,0.5,38,-1,-1,3,22.0,False
105.0,0.5,39,-1,-1,3,20.5,False
108.0,0.5,0,-1,-1,3,20.5,False
108.0,0.5,1,-1,-1,3,22.0,False
108.0,0.5,2,-1,-1,1,24.5,False
108.0,0.5,3,-1,-1,3,20.0,False
108.0,0.5,4,-1,-1,3,20.0,False
108.0,0.5,5,-1,-1,3,21.5,False
108.0,0.5,6,-1,-1,1,31.5,False
108.0,0.5,7,-1,-1,1,44.0,False
108.0,0.5,8,-1,-1,3,22.0,False
108.0,0.5,9,-1,-1,1,25.5,False
108.0,0.5,10,-1,-1,1,20.5,False
108.0,0.5,11,-1,-1,1,37.0,False
108.0,0.5,12,-1,-1,3,22.0,False
108.0,0.5,13,-1,-1,1,47.5,False
108.0,0.5,14,-1,-1,1,35.0,False
108.0,0.5,15,-1,-1,3,21.5,False
108.0,0.5,16,-1,-1,3,21.5,False
108.0,0.5,17,301,0,0,51.5,False
108.0,0.5,18,-1,-1,3,22.0,False
108.0,0.5,19,-1,-1,1,50.5,False
108.0,0.5,20,-1,-1,3,20.5,False
108.0,0.5,21,-1,-1,3,22.0,False
108.0,0.5,22,302,0,0,52.0,False
108.0,0.5,23,-1,-1,3,20.0,False
108.0,0.5,24,-1,-1,1,37.5,False
108.0,0.5,25,-1,-1,1,36.5,False
108.0,0.5,26,-1,-1,3,21.5,False
108.0,0.5,27,-1,-1,1,54.0,False
108.0,0.5,28,-1,-1,3,22.0,False
108.0,0.5,29,303,0,0,53.0,False
108.0,0.5,30,-1,-1,1,28.0,False
108.0,0.5,31,-1,-1,1,44.5,False
108.0,0.5,32,-1,-1,3,22.0,False
108.0,0.5,33,-1,-1,1,37.5,False
108.0,0.5,34,-1,-1,1,25.0,False
108.0,0.5,35,-1,-1,1,24.0,False
108.0,0.5,36,300,0,0,46.5,False
108.0,0.5,37,-1,-1,1,41.5,False
108.0,0.5,38,-1,-1,3,22.0,False
108.0,0.5,39,-1,-1,3,20.5,False
111.0,0.5,0,-1,-1,3,20.5,False
111.0,0.5,1,-1,-1,3,22.0,False
111.0,0.5,2,-1,-1,1,22.0,False
111.0,0.5,3,-1,-1,3,20.0,False
111.0,0.5,4,-1,-1,3,20.0,False
111.0,0.5,5,-1,-1,3,21.5,False
111.0,0.5,6,300,0,0,46.5,False
111.0,0.5,7,-1,-1,1,41.5,False
111.0,0.5,8,-1,-1,3,22.0,False
111.0,0.5,9,-1,-1,1,23.0,False
111.0,0.5,10,-1,-1,3,20.5,False
111.0,0.5,11,302,0,0,52.0,False
111.0,0.5,12,-1,-1,3,22.0,False
111.0,0.5,13,-1,-1,1,45.0,False
111.0,0.5,14,301,0,0,50.0,False
111.0,0.5,15,-1,-1,3,21.5,False
111.0,0.5,16,-1,-1,3,21.5,False
111.0,0.5,17,-1,-1,1,49.0,False
111.0,0.5,18,-1,-1,3,22.0,False
111.0,0.5,19,-1,-1,1,48.0,False
111.0,0.5,20,-1,-1,3,20.5,False
111.0,0.5,21,-1,-1,3,22.0,False
111.0,0.5,22,-1,-1,1,49.5,False
111.0,0.5,23,-1,-1,3,20.0,False
111.0,0.5,24,-1,-1,1,35.0,False
111.0,0.5,25,-1,-1,1,34.0,False
111.0,0.5,26,-1,-1,3,21.5,False
111.0,0.5,27,-1,-1,1,51.5,False
111.0,0.5,28,-1,-1,3,22.0,False
111.0,0.5,29,-1,-1,1,50.5,False
111.0,0.5,30,-1,-1,1,25.5,False
111.0,0.5,31,-1,-1,1,42.0,False
111.0,0.5,32,-1,-1,3,22.0,False
111.0,0.5,33,-1,-1,1,35.0,False
111.0,0.5,34,-1,-1,1,22.5,False
111.0,0.5,35,-1,-1,1,21.5,False
111.0,0.5,36,-1,-1,1,44.0,False
111.0,0.5,37,-1,-1,1,39.0,False
111.0,0.5,38,-1,-1,3,22.0,False
111.0,0.5,39,-1,-1,3,20.5,False
114.0,0.5,0,-1,-1,3,20.5,False
114.0,0.5,1,-1,-1,3,22.0,False
114.0,0.5,2,-1,-1,3,22.0,False
114.0,0.5,3,-1,-1,3,20.0,False
114.0,0.5,4,-1,-1,3,20.0,False
114.0,0.5,5,-1,-1,3,21.5,False
114.0,0.5,6,-1,-1,1,44.0,False
114.0,0.5,7,-1,-1,1,39.0,False
114.0,0.5,8,-1,-1,3,22.0,False
114.0,0.5,9,-1,-1,1,20.5,False
114.0,0.5,10,-1,-1,3,20.5,False
114.0,0.5,11,-1,-1,1,49.5,False
114.0,0.5,12,-1,-1,3,22.0,False
114.0,0.5,13,-1,-1,1,42.5,False
114.0,0.5,14,-1,-1,1,47.5,False
114.0,0.5,15,-1,-1,3,21.5,False
114.0,0.5,16,-1,-1,3,21.5,False
114.0,0.5,17,-1,-1,1,46.5,False
114.0,0.5,18,-1,-1,3,22.0,False
114.0,0.5,19,-1,-1,1,45.5,False
114.0,0.5,20,-1,-1,3,20.5,False
114.0,0.5,21,-1,-1,3,22.0,False
114.0,0.5,22,-1,-1,1,47.0,False
114.0,0.5,23,-1,-1,3,20.0,False
114.0,0.5,24,-1,-1,1,32.5,False
114.0,0.5,25,300,0,0,49.0,False
114.0,0.5,26,-1,-1,3,21.5,False
114.0,0.5,27,-1,-1,1,49.0,False
114.0,0.5,28,-1,-1,3,22.0,False
114.0,0.5,29,-1,-1,1,48.0,False
114.0,0.5,30,-1,-1,1,23.0,False
114.0,0.5,31,303,0,0,57.0,False
114.0,0.5,32,-1,-1,3,22.0,False
114.0,0.5,33,301,0,0,50.0,False
114.0,0.5,34,-1,-1,1,20.0,False
114.0,0.5,35,-1,-1,3,21.5,False
114.0,0.5,36,-1,-1,1,41.5,False
114.0,0.5,37,302,0,0,54.0,False
114.0,0.5,38,-1,-1,3,22.0,False
114.0,0.5,39,-1,-1,3,20.5,False
117.0,0.5,0,-1,-1,3,20.5,False
117.0,0.5,1,-1,-1,3,22.0,False
117.0,0.5,2,-1,-1,3,22.0,False
117.0,0.5,3,-1,-1,3,20.0,False
117.0,0.5,4,-1,-1,3,20.0,False
117.0,0.5,5,-1,-1,3,21.5,False
117.0,0.5,6,-1,-1,1,41.5,False
117.0,0.5,7,300,0,0,54.0,False
117.0,0.5,8,-1,-1,3,22.0,False
117.0,0.5,9,-1,-1,3,20.5,False
117.0,0.5,10,-1,-1,3,20.5,False
117.0,0.5,11,-1,-1,1,47.0,False
117.0,0.5,12,-1,-1,3,22.0,False
117.0,0.5,13,-1,-1,1,40.0,False
117.0,0.5,14,-1,-1,1,45.0,False
117.0,0.5,15,-1,-1,3,21.5,False
117.0,0.5,16,-1,-1,3,21.5,False
117.0,0.5,17,-1,-1,1,44.0,False
117.0,0.5,18,-1,-1,3,22.0,False
117.0,0.5,19,-1,-1,1,43.0,False
117.0,0.5,20,-1,-1,3,20.5,False
117.0,0.5,21,-1,-1,3,22.0,False
117.0,0.5,22,-1,-1,1,44.5,False
117.0,0.5,23,-1,-1,3,20.0,False
117.0,0.5,24,-1,-1,1,30.0,False
117.0,0.5,25,-1,-1,1,46.5,False
117.0,0.5,26,-1,-1,3,21.5,False
117.0,0.5,27,-1,-1,1,46.5,False
117.0,0.5,28,-1,-1,3,22.0,False
117.0,0.5,29,-1,-1,1,45.5,False
117.0,0.5,30,-1,-1,1,20.5,False
117.0,0.5,31,-1,-1,1,54.5,False
117.0,0.5,32,-1,-1,3,22.0,False
117.0,0.5,33,-1,-1,1,47.5,False
117.0,0.5,34,-1,-1,3,20.0,False
117.0,0.5,35,-1,-1,3,21.5,False
117.0,0.5,36,-1,-1,1,39.0,False
117.0,0.5,37,-1,-1,1,51.5,False
117.0,0.5,38,-1,-1,3,22.0,False
117.0,0.5,39,-1,-1,3,20.5,False
120.0,0.5,0,-1,-1,3,20.5,False
120.0,0.5,1,-1,-1,3,22.0,False
120.0,0.5,2,-1,-1,3,22.0,False
120.0,0.5,3,-1,-1,3,20.0,False
120.0,0.5,4,-1,-1,3,20.0,False
120.0,0.5,5,-1,-1,3,21.5,False
120.0,0.5,6,-1,-1,1,39.0,False
120.0,0.5,7,-1,-1,1,51.5,False
120.0,0.5,8,-1,-1,3,22.0,False
120.0,0.5,9,-1,-1,3,20.5,False
120.0,0.5,10,-1,-1,3,20.5,False
120.0,0.5,11,-1,-1,1,44.5,False
120.0,0.5,12,-1,-1,3,22.0,False
120.0,0.5,13,300,0,0,55.0,False
120.0,0.5,14,-1,-1,1,42.5,False
120.0,0.5,15,-1,-1,3,21.5,False
120.0,0.5,16,-1,-1,3,21.5,False
120.0,0.5,17,-1,-1,1,41.5,False
120.0,0.5,18,-1,-1,3,22.0,False
120.0,0.5,19,-1,-1,1,40.5,False
120.0,0.5,20,-1,-1,3,20.5,False
120.0,0.5,21,-1,-1,3,22.0,False
120.0,0.5,22,-1,-1,1,42.0,False
120.0,0.5,23,-1,-1,3,20.0,False
120.0,0.5,24,-1,-1,1,27.5,False
120.0,0.5,25,-1,-1,1,44.0,False
120.0,0.5,26,-1,-1,3,21.5,False
120.0,0.5,27,-1,-1,1,44.0,False
120.0,0.5,28,-1,-1,3,22.0,False
120.0,0.5,29,-1,-1,1,43.0,False
120.0,0.5,30,-1,-1,3,20.5,False
120.0,0.5,31,-1,-1,1,52.0,False
120.0,0.5,32,-1,-1,3,22.0,False
120.0,0.5,33,-1,-1,1,45.0,False
120.0,0.5,34,-1,-1,3,20.0,False
120.0,0.5,35,-1,-1,3,21.5,False
120.0,0.5,36,-1,-1,1,36.5,False
120.0,0.5,37,-1,-1,1,49.0,False
120.0,0.5,38,-1,-1,3,22.0,False
120.0,0.5,39,-1,-1,3,20.5,False
